[
    {
        "key": "meso",
        "name": "Mesopotamia",
        "start_year": "3500 BCE",
        "info": "Often called the Cradle of Civilization, Mesopotamia was located between the Tigris and Euphrates rivers. It is known for developing cuneiform, the first writing system. Major civilizations here included the Sumerians, Akkadians, Babylonians, and Assyrians. Mesopotamians also had laws. The Code of Hammurabi was a collection of laws inscribed on a stone. The Code of Hammurabi is where the term an eye for an eye came from.",
        "cool_pic": "https://cdn.britannica.com/01/184701-050-806258A9/object-Standard-of-Ur-cemetery-Mesopotamia-panels.jpg",
        "words": [
            {
                "answer": "TIGRIS",
                "hint": "Mesopotamia was located between the Euphrates and this river",
                "startx": 4,
                "starty": 1,
                "orientation": "down",
                "position": 1
            },
            {
                "answer": "WRITING",
                "hint": "Cuneiform was an early form of this",
                "startx": 2,
                "starty": 5,
                "orientation": "across",
                "position": 2
            },
            {
                "answer": "LAWS",
                "hint": "The Code of Hammurabi was a collection of these",
                "startx": 2,
                "starty": 3,
                "orientation": "down",
                "position": 3
            },
            {
                "answer": "EYE",
                "hint": "The Code of Hammurabi uses the principle of _ for a _",
                "startx": 5,
                "starty": 7,
                "orientation": "across",
                "position": 4
            }
        ],
        "questions": [
            {
                "question": "What Mesopotamia is often called?",
                "options": ["Birthplace of Civilization", "Cradle of Civilization", "Birthplace of Humanity", "Cradle of Humanity"],
                "correctAnswer": "Cradle of Civilization"
            },
            {
                "question": "What are the two major rivers that defined Mesopotamia?",
                "options": ["Nile and Amazon", "Tigris and Euphrates", "Yangtze and Ganges", "Mississippi and Missouri"],
                "correctAnswer": "Tigris and Euphrates"
            },
            {
                "question": "Which writing system was developed in Mesopotamia?",
                "options": ["Hieroglyphics", "Alphabet", "Pictographs", "Cuneiform"],
                "correctAnswer": "Cuneiform"
            },
            {
                "question": "What was the Code of Hammurabi?",
                "options": ["A collection of laws", "A religious text", "A historical narrative", "A literary work"],
                "correctAnswer": "A collection of laws"
            },
            {
                "question": "Which is on of the first civilization in Mesopotamia?",
                "options": ["Egyptians", "Sumerians", "Trojens", "Missourians"],
                "correctAnswer": "Sumerians"
            }
        ]
    },
    {
        "key": "egpt",
        "name": "Ancient Egypt",
        "start_year": "3150 BCE",
        "info": "Ancient Egypt thrived along the Nile River. Egypt is famous for its monumental pyramids and the Sphinx. The rules of Ancient Egypt were called Pharaohs. Many Pharaohs were buried in the Valley of the Kings. One of the most well-known tombs in the Valley of the Kings is the tomb of King Tut. It was almost fully intact when found.",
        "cool_pic": "https://www.gulla.net/contentassets/9fff228c87f74c33896de28dfd325e6d/pyramids.png",
        "words": [
            {
                "answer": "NILE",
                "hint": "River Ancient Egypt thrived on",
                "startx": 5,
                "starty": 1,
                "orientation": "across",
                "position": 1
            },
            {
                "answer": "PHARAOHS",
                "hint": "Rulers of Ancient Egypt",
                "startx": 3,
                "starty": 1,
                "orientation": "down",
                "position": 3
            },
             {
                "answer": "PYRAMID",
                "hint": "Monumental tombs in Egypt",
                "startx": 1,
                "starty": 4,
                "orientation": "across",
                "position": 2
            },
            {
                "answer": "KINGS",
                "hint": "Valley where a lot of royal tombs were found",
                "startx": 6,
                "starty": 3,
                "orientation": "down",
                "position": 4
            }
        ],
        "questions": [
            {
                "question": "What river was essential to the development of Ancient Egyptian civilization?",
                "options": ["Amazon", "Tigris", "Nile", "Euphrates"],
                "correctAnswer": "Nile"
            },
            {
                "question": "Who were the rulers of Ancient Egypt, considered both kings and gods?",
                "options": ["Emperors", "Pharaohs", "Sultans", "Khans"],
                "correctAnswer": "Pharaohs"
            },
            {
                "question": "Which type of structure served as monumental tombs for Egyptian rulers",
                "options": [" Temples", "Obelisks", "Pyramids", "Ziggurats"],
                "correctAnswer": "Pyramids"
            },
            {
                "question": "What famous archaeological site is home to the tomb of King Tutankhamun?",
                "options": ["Giza Plateau", "Karnak Temple", "Valley of the Kings", "Luxor"],
                "correctAnswer": "Valley of the Kings"
            },
            {
                "question": "What is the name of the large stone statue with the body of a lion and the head of a pharaoh?",
                "options": ["The Obelisk", "The Sphinx", "The Colossus", "The Guardian"],
                "correctAnswer": "The Sphinx"
            }
        ]
    },
    {
        "key": "indu",
        "name": "Indus Valley Civilization",
        "start_year": "2600 BCE",
        "info": "In present-day Pakistan and northwest India, the Indus Valley was one of the world's earliest urban centers. Known for its well-planned cities, this civilization had advanced sanitation and standardized brick construction. They had a standardized system of weights and measures. The Indus writing remains undeciphered, and their decline remains a mystery. It's possibly due to environmental factors or invasions.",
        "cool_pic": "https://wallpaperaccess.com/full/8748678.jpg",
        "words": [
            {
                "answer": "BRICK",
                "hint": "The Indus Valley had standardized _ construction",
                "startx": 1,
                "starty": 3,
                "orientation": "down",
                "position": 1
            },
            {
                "answer": "WEIGHT",
                "hint": "Had an early system to measurementer this",
                "startx": 6,
                "starty": 3,
                "orientation": "across",
                "position": 2
            },
            {
                "answer": "URBAN",
                "hint": "Indus Valley had many cities and was a _ center",
                "startx": 8,
                "starty": 1,
                "orientation": "down",
                "position": 3
            },
            {
                "answer": "INVASION",
                "hint": "Some spectulate that the indus valleys down fall was due _",
                "startx": 1,
                "starty": 5,
                "orientation": "across",
                "position": 4
            }
        ],
      "questions": [
            {
                "question": "What Mesopotamia is often called?",
                "options": ["Birthplace of Civilization", "Cradle of Civilization", "Birthplace of Humanity", "Cradle of Humanity"],
                "correctAnswer": "Cradle of Civilization"
            },
            {
                "question": "What are the two major rivers that defined Mesopotamia?",
                "options": ["Nile and Amazon", "Tigris and Euphrates", "Yangtze and Ganges", "Mississippi and Missouri"],
                "correctAnswer": "Tigris and Euphrates"
            },
            {
                "question": "Which writing system was developed in Mesopotamia?",
                "options": ["Hieroglyphics", "Alphabet", "Pictographs", "Cuneiform"],
                "correctAnswer": "Cuneiform"
            },
            {
                "question": "What was the Code of Hammurabi?",
                "options": ["A collection of laws", "A religious text", "A historical narrative", "A literary work"],
                "correctAnswer": "A collection of laws"
            },
            {
                "question": "Which is on of the first civilization in Mesopotamia?",
                "options": ["Egyptians", "Sumerians", "Trojens", "Missourians"],
                "correctAnswer": "Sumerians"
            }
        ]
    },
    {
        "key": "xiad",
        "name": "Ancient China (Xia Dynasty)",
        "start_year": "2000 BCE",
        "info": "The Xia Dynasty is considered China's first historical dynasty. According to lengend it was founded by Yu the Great, who controlled the Great Flood and establishing a system of canals and irrigation. It laid the foundation for future Chinese dynasties, with the establishment of a hereditary monarchy. The Xia is believed to have contributed to the development of metallurgy, agriculture, and the beginnings of Chinese writing.",
        "cool_pic": "https://th.bing.com/th/id/R.fe891347489a4064c57e35f8402d73c1?rik=pW4pN4LFnf1dwA&riu=http%3a%2f%2fartifactsws.art%2fwp-content%2fuploads%2f2024%2f03%2fDALL%c2%b7E-2024-03-14-00.24.37-Create-a-cinematic-style-image-that-represents-a-map-of-the-Xia-Dynastys-territories-based-on-historians-and-archaeologists-hypotheses.-Visualize-.webp&ehk=5uVS9kzrjck66Uxh1LPXDF3dC%2fKMWlmU37Sy3l6%2bXd4%3d&risl=&pid=ImgRaw&r=0",
        "words": [
            {
                "answer": "DYNASTY",
                "hint": "This time was considered one of chinas first historical _",
                "startx": 2,
                "starty": 8,
                "orientation": "across",
                "position": 1
            },
            {
                "answer": "MONARCHY",
                "hint": "The Xia Dynasty established a hereditary _",
                "startx": 3,
                "starty": 1,
                "orientation": "down",
                "position": 2
            },
            {
                "answer": "FLOOD",
                "hint": "According to legend, Yu the great controlled on of these",
                "startx": 1,
                "starty": 2,
                "orientation": "across",
                "position": 3
            },
            {
                "answer": "CANALS",
                "hint": "That great flood created a system of _",
                "startx": 6,
                "starty": 3,
                "orientation": "down",
                "position": 4
            }
        ],
      "questions": [
            {
                "question": "What Mesopotamia is often called?",
                "options": ["Birthplace of Civilization", "Cradle of Civilization", "Birthplace of Humanity", "Cradle of Humanity"],
                "correctAnswer": "Cradle of Civilization"
            },
            {
                "question": "What are the two major rivers that defined Mesopotamia?",
                "options": ["Nile and Amazon", "Tigris and Euphrates", "Yangtze and Ganges", "Mississippi and Missouri"],
                "correctAnswer": "Tigris and Euphrates"
            },
            {
                "question": "Which writing system was developed in Mesopotamia?",
                "options": ["Hieroglyphics", "Alphabet", "Pictographs", "Cuneiform"],
                "correctAnswer": "Cuneiform"
            },
            {
                "question": "What was the Code of Hammurabi?",
                "options": ["A collection of laws", "A religious text", "A historical narrative", "A literary work"],
                "correctAnswer": "A collection of laws"
            },
            {
                "question": "Which is on of the first civilization in Mesopotamia?",
                "options": ["Egyptians", "Sumerians", "Trojens", "Missourians"],
                "correctAnswer": "Sumerians"
            }
        ]
    },
    {
        "key": "mino",
        "name": "Minoan Civilization",
        "start_year": "2700 BCE",
        "info": "The Minoans flourished on the island of Crete. Known for their advanced palaces, particularly the one at Knossos, they had a vibrant culture, advanced art, and trade networks across the Mediterranean. They developed a unique script called Linear A, which remains undeciphered",
        "cool_pic": "https://www.greeka.com/photos/greece/architecture/general/minoan-640.jpg",
        "words": [
            {
                "answer": "CRETE",
                "hint": "The Minoans flourished on the island of _",
                "startx": 5,
                "starty": 1,
                "orientation": "down",
                "position": 1
            },
            {
                "answer": "TRADE",
                "hint": "The Minoans had _ networks across the Mediterranean",
                "startx": 1,
                "starty": 3,
                "orientation": "across",
                "position": 2
            },
            {
                "answer": "LINEARA",
                "hint": "The Minoans writing system",
                "startx": 2,
                "starty": 5,
                "orientation": "across",
                "position": 3
            },
            {
                "answer": "KNOSSOS",
                "hint": "They had a well know palace here",
                "startx": 1,
                "starty": 7,
                "orientation": "across",
                "position": 4
            }
        ],
        "questions": [
            {
                "question": "What Mesopotamia is often called?",
                "options": ["Birthplace of Civilization", "Cradle of Civilization", "Birthplace of Humanity", "Cradle of Humanity"],
                "correctAnswer": "Cradle of Civilization"
            },
            {
                "question": "What are the two major rivers that defined Mesopotamia?",
                "options": ["Nile and Amazon", "Tigris and Euphrates", "Yangtze and Ganges", "Mississippi and Missouri"],
                "correctAnswer": "Tigris and Euphrates"
            },
            {
                "question": "Which writing system was developed in Mesopotamia?",
                "options": ["Hieroglyphics", "Alphabet", "Pictographs", "Cuneiform"],
                "correctAnswer": "Cuneiform"
            },
            {
                "question": "What was the Code of Hammurabi?",
                "options": ["A collection of laws", "A religious text", "A historical narrative", "A literary work"],
                "correctAnswer": "A collection of laws"
            },
            {
                "question": "Which is on of the first civilization in Mesopotamia?",
                "options": ["Egyptians", "Sumerians", "Trojens", "Missourians"],
                "correctAnswer": "Sumerians"
            }
        ]
    }
]